insert into show_time (id,time) values (98,'05/05/2020 12:30');
insert into show_time (id,time) values (99,'05/05/2020 15:00');
insert into show_time (id,time) values (100,'05/05/2020 17:30');
insert into show_time (id,time) values (101,'05/05/2020 20:00');
insert into show_time (id,time) values (102,'05/05/2020 22:30');

insert into show_time (id,time) values (103,'06/05/2020 12:30');
insert into show_time (id,time) values (104,'06/05/2020 15:00');
insert into show_time (id,time) values (105,'06/05/2020 17:30');
insert into show_time (id,time) values (106,'06/05/2020 20:00');
insert into show_time (id,time) values (107,'06/05/2020 22:30');

insert into show_time (id,time) values (108,'07/05/2020 12:30');
insert into show_time (id,time) values (109,'07/05/2020 15:00');
insert into show_time (id,time) values (110,'07/05/2020 17:30');
insert into show_time (id,time) values (111,'07/05/2020 20:00');
insert into show_time (id,time) values (112,'07/05/2020 22:30');

insert into show_time (id,time) values (113,'12/05/2020 12:30');
insert into show_time (id,time) values (114,'12/05/2020 15:00');
insert into show_time (id,time) values (115,'12/05/2020 17:30');
insert into show_time (id,time) values (116,'12/05/2020 20:00');
insert into show_time (id,time) values (117,'12/05/2020 22:30');

insert into show_time (id,time) values (136,'13/05/2020 12:30');
insert into show_time (id,time) values (137,'13/05/2020 15:00');
insert into show_time (id,time) values (138,'13/05/2020 17:30');
insert into show_time (id,time) values (139,'13/05/2020 20:00');
insert into show_time (id,time) values (140,'13/05/2020 22:30');

insert into show_time (id,time) values (141,'14/05/2020 12:30');
insert into show_time (id,time) values (142,'14/05/2020 15:00');
insert into show_time (id,time) values (143,'14/05/2020 17:30');
insert into show_time (id,time) values (144,'14/05/2020 20:00');
insert into show_time (id,time) values (145,'14/05/2020 22:30');


insert into movie (id, apiid, status, rating) values (120,110415,'showing','15');
insert into movie_line (movie_id, showtime_id) values (120,101);
insert into movie_line (movie_id, showtime_id) values (120,105);
insert into movie (id, apiid, status, rating) values (121,16257,'showing', '12A');
insert into movie_line (movie_id, showtime_id) values (121,112);
insert into movie_line (movie_id, showtime_id) values (121,106);
insert into movie (id, apiid, status, rating) values (122,512200,'showing', '12A');
insert into movie_line (movie_id, showtime_id) values (122,115);
insert into movie_line (movie_id, showtime_id) values (122,100);
insert into movie (id, apiid, status, rating) values (123,515001,'showing', '12A');
insert into movie_line (movie_id, showtime_id) values (123,110);
insert into movie_line (movie_id, showtime_id) values (123,137);

insert into movie (id, apiid, status, rating) values (124,419704,'featured', '12A');
insert into movie_line (movie_id, showtime_id) values (124,143);
insert into movie_line (movie_id, showtime_id) values (124,109);
insert into movie (id, apiid, status, rating) values (125,338762,'featured', '12A');
insert into movie_line (movie_id, showtime_id) values (125,144);
insert into movie_line (movie_id, showtime_id) values (125,114);
insert into movie (id, apiid, status, rating) values (126,495764,'featured', '15');
insert into movie_line (movie_id, showtime_id) values (126,98);
insert into movie_line (movie_id, showtime_id) values (126,98);
insert into movie (id, apiid, status, rating) values (127,454626,'featured', 'PG');
insert into movie_line (movie_id, showtime_id) values (127,98);
insert into movie_line (movie_id, showtime_id) values (127,141);
insert into movie (id, apiid, status, rating) values (128,38700,'featured', '15');
insert into movie_line (movie_id, showtime_id) values (128,103);
insert into movie_line (movie_id, showtime_id) values (128,138);
insert into movie_line (movie_id, showtime_id) values (128,112);
insert into movie (id, apiid, status, rating) values (129,475557,'featured', '15');
insert into movie_line (movie_id, showtime_id) values (129,111);
insert into movie_line (movie_id, showtime_id) values (129,102);
insert into movie_line (movie_id, showtime_id) values (129,116);
insert into movie_line (movie_id, showtime_id) values (129,139);

insert into movie (id, apiid, status) values (130,400160,'upcoming');
insert into movie_line (movie_id, showtime_id) values (130,117);
insert into movie_line (movie_id, showtime_id) values (130,144);
insert into movie (id, apiid, status, rating) values (131,514847,'upcoming', '15');
insert into movie_line (movie_id, showtime_id) values (131,145);
insert into movie_line (movie_id, showtime_id) values (131,139);
insert into movie (id, apiid, status, rating) values (132,556678,'upcoming', 'U');
insert into movie_line (movie_id, showtime_id) values (132,116);
insert into movie_line (movie_id, showtime_id) values (132,138);
insert into movie (id, apiid, status, rating) values (133,696007,'upcoming', '15');
insert into movie_line (movie_id, showtime_id) values (133,114);
insert into movie_line (movie_id, showtime_id) values (133,143);
insert into movie (id, apiid, status) values (134,524047,'upcoming');
insert into movie_line (movie_id, showtime_id) values (134,112);
insert into movie_line (movie_id, showtime_id) values (134,145);
insert into movie (id, apiid, status) values (135,572751,'upcoming');
insert into movie_line (movie_id, showtime_id) values (135,117);
insert into movie_line (movie_id, showtime_id) values (135,136);